machine_id,machine_count,avg_T_in,std_T_in,avg_T_out,std_T_out,avg_RPM,std_RPM,avg_Vibration,std_Vibration,cycle_time,throughput,energy_consumption,estimated_travel_distance,timestamp
machine_1,3,26.88,0.0,401.22,0.0,21438.85,0.0,0.4,0.0,9.388200000000001,383.4600881958202,21.43885,100,1743936912.718441
machine_2,3,23.07,0.0,428.03,0.0,19919.32,0.0,0.29,0.0,8.8943,404.7536062422001,19.91932,100,1743936912.7184992
machine_3,3,28.62,0.0,467.0,0.0,20341.95,0.0,0.09,0.0,10.394,346.353665576294,20.34195,100,1743936912.718557
machine_1,3,22.92,0.0,385.93,0.0,18278.09,0.0,0.35,0.0,8.4433,426.37357431336085,18.27809,100,1743936912.9917922
machine_2,3,27.73,0.0,397.26,0.0,20614.4,0.0,0.33,0.0,9.5186,378.2068791629021,20.614400000000003,100,1743936912.9918458
machine_3,3,24.8,0.0,406.81,0.0,17997.88,0.0,0.4,0.0,9.028100000000002,398.7549982831381,17.997880000000002,100,1743936912.991897
machine_1,3,29.185,2.3049999999999997,385.885,15.335000000000008,20535.635,903.2150000000001,0.32,0.08000000000000002,9.69585,371.29287272389735,20.535635,100,1743936922.724998
machine_2,3,22.740000000000002,0.33000000000000007,377.275,50.754999999999995,19922.165,2.844999999999345,0.32999999999999996,0.04000000000000001,8.32075,432.6533064928041,19.922165,100,1743936922.725546
machine_3,3,24.145000000000003,4.475,408.38,58.620000000000005,20519.77,177.8199999999997,0.15,0.06,8.9128,403.9134727582802,20.51977,100,1743936922.7259881
machine_1,3,28.37,5.449999999999999,397.07,11.139999999999986,19281.625,1003.5349999999999,0.19999999999999998,0.15,9.6447,373.26199881800363,19.281625000000002,100,1743936922.99908
machine_2,3,25.07,5.592208865913362,387.0,8.092086669497954,19613.943333333333,707.5920744013152,0.36,0.057154760664940824,8.884,405.22287257991894,19.61394333333333,100,1743936922.9996648
machine_3,3,28.630000000000003,3.83,407.90999999999997,1.0999999999999943,18645.905,648.0249999999996,0.355,0.04500000000000001,9.8051,367.1558678646827,18.645905,100,1743936923.0001779
machine_1,3,27.0475,2.7282263010974726,396.4825,16.79619953293006,19741.94,1211.47726410775,0.2925,0.06533567172685992,9.374325,384.0276499907993,19.74194,100,1743936932.7331321
machine_2,3,24.2975,1.6999319839334752,382.9675,36.34247884707371,19779.245,341.95526202268053,0.29,0.05099019513592784,8.689175,414.3086081244767,19.779245,100,1743936932.733773
machine_3,3,24.8975,3.6752236326514875,410.71000000000004,45.95595228041739,19644.8875,908.4764224341486,0.22749999999999998,0.08898735865278844,9.0866,396.18779301388855,19.6448875,100,1743936932.734318
machine_1,3,24.7225,5.393247514253355,385.005,16.056594439668693,20205.915,1279.541964815926,0.2525,0.12457427503300991,8.794550000000001,409.34442353503016,20.205915,100,1743936933.00542
machine_2,3,27.384,5.243836763286974,393.48,10.557099980581789,19839.13,633.3534830724468,0.322,0.06615134163416492,9.4116,382.5066938671427,19.83913,100,1743936933.006494
machine_3,3,24.2225,5.484142480825969,425.5,31.64157549806898,18867.0625,579.0305140221452,0.35,0.04062019202317981,9.099499999999999,395.62613330402775,18.8670625,100,1743936933.0069351
machine_1,3,27.208333333333332,2.5273531389358483,407.02,20.25432546395954,19806.379999999997,994.2535436195334,0.27,0.0627162924074226,9.511866666666666,378.4746071573754,19.806379999999997,100,1743936942.741041
machine_2,3,24.106666666666666,2.5305642761162095,392.5383333333333,34.27625145620345,19854.303333333333,397.75646978466,0.27666666666666667,0.05405758246742284,8.746716666666666,411.58301305442234,19.854303333333334,100,1743936942.741154
machine_3,3,27.34,4.575682098514565,411.18,53.96614185456162,19860.361666666668,956.2706665900373,0.235,0.10920164833920777,9.5798,375.7907263199649,19.86036166666667,100,1743936942.74126
machine_1,3,25.841428571428573,4.64535844709973,399.24,21.587078145435584,20411.81142857143,1021.360501340227,0.2714285714285714,0.10301575072754254,9.160685714285716,392.98368182045004,20.41181142857143,100,1743936943.144927
machine_2,3,26.962857142857143,4.810386721269223,399.4657142857143,13.935999484523999,20040.06,649.8887639764647,0.3271428571428571,0.09808367939298213,9.387228571428572,383.49977020450274,20.04006,100,1743936943.145304
machine_3,3,27.57857142857143,6.125183212586796,429.0628571428571,26.27116328616156,19724.46,1136.1839628963507,0.2857142857142857,0.11769902813740561,9.806342857142857,367.1093344832208,19.72446,100,1743936943.145679
machine_1,3,27.9075,2.516772486737726,400.94375,20.672107377756625,19989.24125,934.0244608204529,0.26875,0.06333196270446702,9.5909375,375.3543384053957,19.98924125,100,1743936952.746612
machine_2,3,24.65875,3.615917717191584,387.88125,30.823566243014447,19960.53125,400.5587977262978,0.25625,0.06963072238602727,8.810562500000001,408.6004724442962,19.96053125,100,1743936952.746746
machine_3,3,27.0275,4.016530685803358,408.23375,47.0871879967099,20064.41,904.6115265128999,0.2475,0.09705024471890836,9.4878375,379.43314269452867,20.06441,100,1743936952.746871
machine_1,3,25.7275,4.3557770546711865,399.96625,20.284076844596594,20305.83,995.6930033398852,0.27875,0.09829006816560867,9.1451625,393.65074158058974,20.305830000000004,100,1743936953.16088
machine_2,3,25.9475,5.240610055136711,397.865,13.706625222862119,19975.7875,631.2508690241541,0.33875,0.09675193796508677,9.16815,392.66373259599806,19.9757875,100,1743936953.16354
machine_3,3,26.18875,6.808036496487074,420.30875,33.76896520383028,19932.065000000002,1196.3480262971134,0.2725,0.11551515052147922,9.4408375,381.32210198512576,19.932065,100,1743936953.164164
machine_1,3,27.839,3.0420271201946902,399.603,18.897046885690898,19980.841,853.810801904614,0.29,0.09022194854911969,9.56383,376.4182341175032,19.980841,100,1743936962.752689
machine_2,3,23.546,4.149547445204115,388.589,27.614564074053384,19904.436,376.8603402376003,0.269,0.06744627491566899,8.59509,418.8437817405053,19.904436,100,1743936962.753134
machine_3,3,26.801,3.956395960972561,402.969,43.69575962264531,20115.453,858.0514844232825,0.28500000000000003,0.12395563722558164,9.389890000000001,383.39107273887123,20.115453000000002,100,1743936962.7535932
machine_1,3,25.89,4.048253944603772,400.95799999999997,22.94762506230219,20494.994,967.7598574047182,0.28,0.10188228501560023,9.18758,391.83332281188297,20.494994,100,1743936963.543343
machine_2,3,26.044,5.0034851853483095,402.363,15.931208397356432,19803.651,681.1496884305242,0.308,0.1063766891757776,9.23243,389.92984512203174,19.803651000000002,100,1743936963.5437639
machine_3,3,25.629,7.020311175439447,422.283,31.533024609130035,19769.135000000002,1153.0210060640695,0.249,0.12461540835707277,9.34863,385.0831619178425,19.769135000000002,100,1743936963.544194
machine_1,3,35.47,0.0,451.33,0.0,20637.31,0.0,0.07,0.0,11.6073,310.1496472047763,20.637310000000003,100,1743937016.66183
machine_2,3,25.05,0.0,420.38,0.0,19924.26,0.0,0.2,0.0,9.2138,390.71827042045624,19.92426,100,1743937016.66189
machine_3,3,21.83,0.0,385.4,0.0,19777.96,0.0,0.22,0.0,8.219999999999999,437.9562043795621,19.77796,100,1743937016.661942
machine_1,3,16.14,0.0,356.52,0.0,20075.55,0.0,-0.01,0.0,6.793200000000001,529.9417064122946,20.07555,100,1743937016.953541
machine_2,3,31.23,0.0,387.73,0.0,18976.11,0.0,0.25,0.0,10.1233,355.6152637973783,18.976110000000002,100,1743937016.953598
machine_3,3,22.42,0.0,425.09,0.0,21095.25,0.0,0.06,0.0,8.7349,412.1398069811904,21.09525,100,1743937016.953655
machine_1,3,33.4,2.0700000000000003,423.4,27.92999999999998,21044.415,407.10499999999956,0.225,0.155,10.914,329.8515667949423,21.044415,100,1743937026.667352
machine_2,3,24.259999999999998,0.7900000000000009,406.53,13.849999999999994,20183.934999999998,259.6750000000011,0.25,0.04999999999999999,8.917300000000001,403.70964305339055,20.183934999999998,100,1743937026.6676018
machine_3,3,20.955,0.875,379.985,5.414999999999992,20676.645,898.6850000000013,0.225,0.0050000000000000044,7.99085,450.51527684789477,20.676645,100,1743937026.667804
machine_1,3,24.263333333333332,7.0874834900846295,370.25,30.409666226382704,20240.99,1236.4233890001706,0.1,0.07788880963698615,8.555166666666667,420.7983479768561,20.240990000000004,100,1743937026.959469
machine_2,3,29.09,2.1400000000000006,397.21500000000003,9.484999999999985,19141.870000000003,165.76000000000022,0.27,0.01999999999999999,9.79015,367.71653141167394,19.141870000000004,100,1743937026.959841
machine_3,3,24.045,1.625,389.745,35.345,19879.9,1215.3500000000004,0.205,0.145,8.70645,413.48655307272196,19.879900000000003,100,1743937026.960193
machine_1,3,30.77,3.579546060606009,413.64750000000004,29.933172547359547,20113.1625,1060.1279496922766,0.2675,0.12754901018824097,10.290475,349.83807841717703,20.113162499999998,100,1743937036.674309
machine_2,3,25.03,1.110405331399305,407.8375,11.663336518766835,19543.25,670.34751633015,0.275,0.051720402163943004,9.084375,396.28482972136226,19.54325,100,1743937036.674977
machine_3,3,21.43,1.050452283542665,369.5075,11.957556972475599,20100.9,1046.7468389968997,0.31,0.12267844146385297,7.981075000000001,451.0670555031747,20.100900000000003,100,1743937036.675585
machine_1,3,24.535,6.155950373419199,368.47249999999997,26.51488956699614,19947.822500000002,1185.0732664349284,0.105,0.06800735254367722,8.591725,419.00782438916514,19.9478225,100,1743937036.964133
machine_2,3,30.175,2.548102234997646,409.15,35.776729168553125,19366.81,770.5427389833736,0.235,0.03840572873934303,10.1265,355.50288846096873,19.36681,100,1743937036.9643662
machine_3,3,22.2025,2.3471085935678393,389.735,25.24004209584445,20585.1625,1190.5701232051601,0.3675,0.19227259295073754,8.33785,431.7659828373022,20.5851625,100,1743937036.964662
machine_1,3,31.528333333333332,4.079049794035643,414.1616666666667,25.206797639173082,20431.875,1263.2632224883566,0.29333333333333333,0.11220021786471222,10.447283333333335,344.58718933311206,20.431875,100,1743937046.682345
machine_2,3,25.64,1.3065348572974758,404.96500000000003,12.100921108191173,19550.005,550.5952963459948,0.3,0.062182527020592106,9.17765,392.25727718969455,19.550005000000002,100,1743937046.683118
machine_3,3,23.548333333333332,3.171831314696431,377.3666666666667,25.64137910140994,20231.516666666666,875.0817474321411,0.3516666666666667,0.11653564070942227,8.483333333333333,424.36149312377216,20.231516666666668,100,1743937046.683775
machine_1,3,24.06,5.347547724580553,378.725,26.843706121423214,20057.13,1137.0864380805301,0.12666666666666668,0.06574360974438674,8.599250000000001,418.6411605663284,20.05713,100,1743937046.971253
machine_2,3,30.168333333333333,2.0942891925954785,401.56666666666666,31.1181081615762,19536.676666666666,882.6622466090236,0.22999999999999998,0.03265986323710904,10.049333333333333,358.23271858829776,19.536676666666665,100,1743937046.9719732
machine_3,3,22.895,2.654007975371086,376.6766666666667,29.516797289377823,19896.988333333335,1485.073219142372,0.3383333333333333,0.16323976911960586,8.345766666666666,431.3564162269894,19.896988333333336,100,1743937046.972642
machine_1,3,29.088749999999997,5.7148325380101905,401.9975,34.864083865060906,20337.631250000002,1106.8792584157216,0.28375,0.09860749210886564,9.837725,365.93826316551844,20.33763125,100,1743937056.690738
machine_2,3,26.93111111111111,2.9123890324857378,407.97333333333336,12.343575927042647,19706.355555555554,546.8199778336784,0.29555555555555557,0.053356476460190976,9.465955555555556,380.31025804755285,19.706355555555554,100,1743937056.6909618
machine_3,3,22.47,3.763228519355274,377.74444444444447,21.75880823488431,19512.453333333335,1400.2730267661696,0.3066666666666667,0.12613925285616334,8.271444444444445,435.23232540332873,19.512453333333337,100,1743937056.6911738
machine_1,3,23.415,4.764546148375519,382.98875,25.299571852849613,19889.85875,1027.2444455853426,0.18,0.1194780314534852,8.5128875,422.888238567701,19.88985875,100,1743937056.9758499
machine_2,3,30.13125,2.7566802385296705,401.7925,30.664248217590462,19601.33625,947.5256332408305,0.245,0.03968626966596886,10.044175000000001,358.4166942531367,19.60133625,100,1743937056.976223
machine_3,3,22.52,2.8164250389456487,385.75374999999997,30.40637882809296,20165.60875,1373.439307472644,0.3125,0.14997916521970645,8.3615375,430.54282779931316,20.16560875,100,1743937056.9766378
machine_1,3,28.554,5.928440267051697,400.045,32.30994622403448,20414.993000000002,1057.289133180229,0.278,0.09856977224281285,9.71125,370.70408031921744,20.414993000000003,100,1743937066.697479
machine_2,3,27.722,3.6418890702491207,406.589,12.424769172906194,19720.234,520.4271133636294,0.287,0.05675385449465085,9.61029,374.5984772571899,19.720234,100,1743937066.6982799
machine_3,3,23.31,4.369908465860584,381.149,23.030852111895474,19558.381,1335.5419310635668,0.314,0.12167168939404105,8.47349,424.8544578444065,19.558381,100,1743937066.699022
machine_1,3,22.47,4.754623013447016,386.504,24.722249978511265,19834.581000000002,954.3015621117888,0.24000000000000002,0.1646207763315433,8.35904,430.6714646657989,19.834581000000004,100,1743937066.983296
machine_2,3,29.562,2.8908227202649424,398.55,29.363669729786842,19458.237,1030.0352120685002,0.256,0.04543126676640219,9.8979,363.7135149880278,19.458237,100,1743937066.9841862
machine_3,3,20.038,5.573068813499435,399.355,38.46702880389906,20122.572,1244.4267702263558,0.334,0.16451139778143034,8.00115,449.93532179749155,20.122572,100,1743937066.9851189
machine_1,3,27.513333333333332,7.178952260292274,395.95,31.47564428781933,20484.82,1127.837473855756,0.285,0.10004165798972613,9.462166666666667,380.4625438148416,20.48482,100,1743937076.7022521
machine_2,3,27.8675,3.368108086646469,406.54583333333335,13.250778252825592,19827.8775,547.4315108474758,0.2816666666666667,0.0658069567413321,9.638958333333335,373.4843408909157,19.8278775,100,1743937076.7026958
machine_3,3,23.501666666666665,4.16404217344424,384.9925,25.07600583725407,19787.391666666666,1323.7469622617543,0.3016666666666667,0.12792141684991176,8.550258333333334,421.0399101001821,19.787391666666668,100,1743937076.703105
machine_1,3,22.374166666666667,5.168796536805147,391.59,26.413893124641813,19889.0325,892.6398094428029,0.24666666666666667,0.15151090903151349,8.390733333333333,429.04473983203695,19.889032500000003,100,1743937076.991654
machine_2,3,27.969166666666666,4.437394990932805,397.055,27.098105253565855,19363.113333333335,1033.6231922492623,0.26583333333333337,0.0583749851296674,9.564383333333334,376.3964569940909,19.363113333333335,100,1743937076.9921532
machine_3,3,20.464615384615385,5.058827190602452,402.9946153846154,36.54551884881365,20136.05153846154,1243.8512021747129,0.36538461538461536,0.17705346366022565,8.122869230769231,443.1931498248535,20.13605153846154,100,1743937076.992683
machine_1,3,27.250714285714285,6.73165068303216,395.7157142857143,29.26490846298582,20358.137142857144,1104.7301267952182,0.2957142857142857,0.09744700286487491,9.407300000000001,382.6815345529535,20.358137142857146,100,1743937086.707402
machine_2,3,27.515714285714285,3.2841083031682707,404.7135714285714,13.819372327664244,19819.077142857142,535.5779259618073,0.28214285714285714,0.06166482806599045,9.55027857142857,376.9523551669024,19.819077142857143,100,1743937086.708416
machine_3,3,23.654285714285713,4.801991721129465,389.795,27.300446817379594,19876.632857142857,1396.0901015101765,0.3142857142857143,0.1270384804309469,8.628807142857143,417.2071458312811,19.87663285714286,100,1743937086.709179
machine_1,3,23.716428571428573,5.869621072148715,392.8492857142857,25.611130801242794,19938.087142857144,842.9873772519506,0.24214285714285716,0.14102576114356713,8.671778571428572,415.1397513609418,19.938087142857146,100,1743937086.998695
machine_2,3,27.73,4.150512877086053,399.1607142857143,25.631042692208133,19556.74142857143,1123.435072196349,0.2785714285714286,0.06266203485560375,9.537607142857143,377.4531647276009,19.55674142857143,100,1743937086.999108
machine_3,3,20.547857142857143,4.884038403048136,404.2857142857143,35.522484572508176,20143.570714285714,1198.9115744795015,0.36142857142857143,0.17120819167890064,8.152428571428572,441.5862056880508,20.143570714285715,100,1743937086.999545
machine_1,3,26.3075,6.880122182781349,395.375,27.551337989288292,20348.345,1034.093650237975,0.298125,0.09180269263480238,9.215250000000001,390.6567917310979,20.348345000000002,100,1743937096.7129269
machine_2,3,27.3525,3.1256149394959074,403.745,15.579817473256872,19728.708749999998,558.5546084524212,0.280625,0.05792977969058746,9.507950000000001,378.6305144642115,19.72870875,100,1743937096.713403
machine_3,3,24.128125,4.926867943671213,390.78125,25.6737302205484,19910.760000000002,1317.9075123277812,0.3075,0.12023414656411048,8.7334375,412.2088238451354,19.910760000000003,100,1743937096.713855
machine_1,3,23.995,5.540120711681289,395.185,24.950669329699355,19972.538125,794.539685212598,0.25375000000000003,0.15041089554949136,8.75085,411.3886079637978,19.972538125,100,1743937097.0057259
machine_2,3,27.598125,4.022269599911845,401.085,25.68029181103673,19599.92375,1151.2961122408678,0.2775,0.05878988008152424,9.530475,377.735632274362,19.599923750000002,100,1743937097.006289
machine_3,3,21.630625,5.8785079620066005,403.949375,34.208212367198826,20194.21375,1146.440730744916,0.3675,0.16099301227071938,8.36561875,430.33278321463075,20.19421375,100,1743937097.00686
machine_1,3,25.929444444444442,6.5749216068180205,395.6694444444444,26.367505353754023,20240.36,1021.8818560109795,0.2972222222222222,0.09163972668102431,9.142583333333334,393.7617923453436,20.240360000000003,100,1743937106.7205539
machine_2,3,27.397777777777776,3.189443621900841,405.025,15.758509958467242,19766.584444444445,598.7000246758922,0.2816666666666667,0.05823801736552049,9.529805555555555,377.76216723554467,19.766584444444444,100,1743937106.721066
machine_3,3,24.399444444444445,4.709344696360185,389.93,24.54859783277969,19906.694444444445,1275.2928261654797,0.29944444444444446,0.12290340480873688,8.77918888888889,410.0606611342227,19.906694444444447,100,1743937106.7215822
machine_1,3,24.581666666666667,5.538835868463496,397.0177777777778,26.666672824073366,19919.21111111111,773.6909580840322,0.2644444444444444,0.14534335677293508,8.886511111111112,405.10836648803553,19.919211111111114,100,1743937107.0093372
machine_2,3,27.766666666666666,3.827393949470637,401.7372222222222,25.547511469494452,19637.805,1096.9836193968438,0.2788888888888889,0.05566655577722378,9.570705555555556,376.1478168044037,19.637805,100,1743937107.009862
machine_3,3,21.45722222222222,5.571178616131375,404.34722222222223,33.370381212745386,20114.992222222223,1106.8438483843022,0.36833333333333335,0.15188628787499037,8.334916666666667,431.9179355922375,20.114992222222224,100,1743937107.010453
machine_1,3,25.489,6.401152943025186,398.126,28.83253186940058,20289.8815,980.7945970705333,0.2865,0.09530346268630537,9.07906,396.51682002321826,20.2898815,100,1743937116.723285
machine_2,3,27.177,3.098966117917394,405.0085,15.74677690036917,19657.3465,720.009120826084,0.285,0.05877924803874238,9.485485,379.52724610286134,19.6573465,100,1743937116.723904
machine_3,3,24.874,4.696997338726093,389.8,23.476248209626686,20016.4845,1264.491359327833,0.292,0.12172099243762351,8.8728,405.73437922639977,20.0164845,100,1743937116.724509
machine_1,3,24.6165,5.350980540984988,393.9285,30.25307509576506,19925.7205,735.1311803037265,0.272,0.1397712416772492,8.862585,406.20202796362463,19.9257205,100,1743937117.016812
machine_2,3,27.204,4.009607711485002,404.156,25.74642274181017,19785.973,1205.8230389161583,0.267,0.06746109990209173,9.48236,379.65232283946193,19.785973000000002,100,1743937117.017418
machine_3,3,21.7235,6.079714035215801,403.2805,33.276555932818525,20103.4065,1112.7588713071443,0.368,0.14555411364849843,8.377505000000001,429.7222144301913,20.103406500000002,100,1743937117.0180109
machine_1,3,25.277727272727272,6.227465507964903,399.4054545454545,31.426589021410855,20308.70727272727,937.1509627452666,0.2922727272727273,0.0927328429699492,9.0496,397.8076379066478,20.308707272727272,100,1743937126.7321758
machine_2,3,27.040454545454544,3.0067204684184747,406.7845454545455,16.35774760202548,19660.377727272727,708.2622962314292,0.2863636363636364,0.056532006585606365,9.475936363636364,379.9096851066769,19.660377727272728,100,1743937126.733115
machine_3,3,24.724090909090908,4.508880791475368,389.33727272727276,22.609843226873597,19990.241818181818,1235.235641956761,0.29863636363636364,0.12292996729644132,8.838190909090908,407.3231769973493,19.99024181818182,100,1743937126.7339258
machine_1,3,24.288636363636364,5.507646994245649,395.8209090909091,29.722006678414825,19826.16318181818,773.5713781098581,0.28,0.13578057164544433,8.815936363636364,408.35140494538297,19.82616318181818,100,1743937127.0234182
machine_2,3,26.920454545454547,3.929588779402574,403.1140909090909,25.266929996465358,19846.02727272727,1166.1608646330283,0.26272727272727275,0.06634495378370524,9.41523181818182,382.35914627699503,19.846027272727273,100,1743937127.024193
machine_3,3,21.912727272727274,5.83852579604427,403.91545454545457,31.819659692950935,20102.137272727272,1060.9828875287883,0.36318181818181816,0.1396875202220482,8.421700000000001,427.4671384637305,20.102137272727273,100,1743937127.0248141
machine_1,3,25.1325,6.046008497347651,400.1508333333333,30.22223545623689,20270.315833333334,906.6730130579815,0.2945833333333333,0.09367404330383572,9.028008333333332,398.7590470766439,20.270315833333335,100,1743937136.741279
machine_2,3,27.034583333333334,3.0705400979397024,406.96,20.599382272291567,19715.997916666667,835.5862039659105,0.29375,0.06149610421265182,9.476516666666667,379.8864209950562,19.715997916666666,100,1743937136.742341
machine_3,3,24.47083333333333,4.545846929402217,392.0183333333333,23.77381694684769,20003.767916666668,1196.7124371480506,0.29208333333333336,0.1224737783727149,8.814350000000001,408.42489803558965,20.003767916666668,100,1743937136.743475
machine_1,3,24.565,5.4769083432170005,396.47375,29.668165151176773,19911.979166666668,799.5199645772698,0.28625,0.13202943169359374,8.8777375,405.50872336560974,19.91197916666667,100,1743937137.031109
machine_2,3,27.051666666666666,3.787479006175773,401.34791666666666,24.940384249106017,19727.755416666667,1205.0401042703209,0.26416666666666666,0.06369959881262117,9.4238125,382.010996080408,19.727755416666668,100,1743937137.031751
machine_3,3,22.03125,6.377195904483934,405.68375,31.286691634583224,20160.562916666666,1038.6286818183194,0.3641666666666667,0.1430010683720774,8.4630875,425.37667252051926,20.160562916666667,100,1743937137.032365
machine_1,3,25.156153846153845,5.895515294842002,398.6730769230769,29.776435413211566,20141.61076923077,1014.3564961132257,0.2915384615384615,0.09239098805920529,9.017961538461538,399.2032993982096,20.14161076923077,100,1743937146.751242
machine_2,3,26.99153846153846,2.996899285168554,406.4257692307692,19.890507239747254,19783.724615384614,836.7851590978362,0.28192307692307694,0.07211205120501069,9.462565384615385,380.4465125126663,19.783724615384614,100,1743937146.7525382
machine_3,3,24.411538461538463,4.384984599839366,392.6176923076923,22.93534294954008,20070.49,1223.5330068918643,0.29307692307692307,0.12532325067505756,8.808484615384616,408.69685958381035,20.070490000000003,100,1743937146.7536309
machine_1,3,24.851153846153846,5.395640923591131,398.4384615384615,29.30889936944956,19937.12576923077,794.5741332077641,0.28423076923076923,0.12707275556585917,8.954615384615385,402.02731724078683,19.93712576923077,100,1743937147.038125
machine_2,3,27.273846153846154,4.016902822327628,401.4880769230769,25.222842824470224,19751.39769230769,1161.8751520653936,0.27076923076923076,0.06586250695566642,9.469650000000001,380.1618856029525,19.75139769230769,100,1743937147.0384471
machine_3,3,21.200769230769232,6.799974503954987,412.0353846153846,38.098618815139496,20198.237307692307,1007.9875308010729,0.3534615384615385,0.14312292478018027,8.360507692307692,430.5958600232227,20.198237307692306,100,1743937147.038781
machine_1,3,24.893571428571427,5.853921283016633,398.8535714285714,28.83111057945736,20170.90535714286,997.9020809982243,0.2907142857142857,0.09051158455565514,8.96725,401.4608715046419,20.17090535714286,100,1743937156.755936
machine_2,3,26.93392857142857,2.8953970111265948,405.27785714285716,20.060810117017223,19772.5675,817.33541851654,0.2907142857142857,0.07666851520989432,9.439564285714287,381.3735349467552,19.7725675,100,1743937156.757205
machine_3,3,24.333928571428572,4.4401691886086265,394.9067857142857,24.184217263917542,20052.221071428572,1192.8417728305656,0.2860714285714286,0.12355852533788783,8.815853571428573,408.35523989047323,20.052221071428573,100,1743937156.758192
machine_1,3,24.38357142857143,5.4659669215752755,398.26392857142855,28.404971438525852,19956.955714285716,771.9457565391336,0.28464285714285714,0.12292512653926324,8.85935357142857,406.3501892068069,19.956955714285716,100,1743937157.045067
machine_2,3,27.223928571428573,3.9667883188199653,399.31142857142856,25.83028852146334,19777.210714285713,1137.1107440756798,0.27,0.06403124237432849,9.4379,381.4407866156666,19.777210714285715,100,1743937157.0459049
machine_3,3,21.341785714285713,6.614630458078423,410.0310714285714,37.606128332198125,20184.721785714286,987.5239598180231,0.3557142857142857,0.14213747297771195,8.368667857142857,430.17599233877047,20.184721785714288,100,1743937157.0466292
machine_1,3,24.974999999999998,5.683194964102499,400.55966666666666,29.29649711522219,20202.924,978.7833680939482,0.28933333333333333,0.08763307341155824,9.000596666666667,399.9734832394445,20.202924,100,1743937166.7646809
machine_2,3,27.396333333333335,3.3010750605758057,403.78333333333336,21.1237083760299,19700.58133333333,853.1486803316031,0.29033333333333333,0.07409378441467873,9.517100000000001,378.2664887413182,19.700581333333332,100,1743937166.765322
machine_3,3,23.734333333333332,5.049244618972448,394.457,23.791154819946563,20097.775333333335,1168.6537065208363,0.291,0.12089527148183533,8.691436666666666,414.2007976433509,20.097775333333335,100,1743937166.7658958
machine_1,3,24.387333333333334,5.415413762790634,400.08233333333334,28.925161328657943,19937.383,749.6267834469363,0.2916666666666667,0.12187653132941095,8.87829,405.4834883744505,19.937383,100,1743937167.0497978
machine_2,3,26.977333333333334,4.128564668528545,398.563,25.206452897356794,19768.86,1109.8741113687922,0.274,0.06691287868066456,9.381096666666668,383.75044282313826,19.76886,100,1743937167.0502558
machine_3,3,21.53,6.648076914918078,411.621,36.84070957966652,20165.63333333333,972.2343973217341,0.3556666666666667,0.13867668233060026,8.42221,427.44125354271625,20.165633333333332,100,1743937167.050702
machine_1,3,25.1725,5.664708178714946,398.318125,29.89065023522197,20202.429375,949.3902429386502,0.295625,0.09110219193301552,9.01768125,399.2157074746903,20.202429375,100,1743937176.7735229
machine_2,3,27.454375,3.204299784566825,404.7865625,20.93347851071565,19666.335,837.5734051002637,0.29625,0.07614747205259016,9.538740624999999,377.4083122215099,19.666335,100,1743937176.774861
machine_3,3,23.7003125,5.197730565097017,397.3278125,25.66654105230862,20122.536875,1136.2446472245688,0.299375,0.12147369828485506,8.713340625,413.15956243820085,20.122536875,100,1743937176.7761788
machine_1,3,24.2175,5.2980131889228055,400.3990625,28.527807745182486,19898.0615625,749.8662540834755,0.29,0.1192948029044015,8.847490625,406.8950341498666,19.8980615625,100,1743937177.057781
machine_2,3,26.91625,4.028834159840784,396.8471875,25.710779504224366,19738.835,1080.9049426637846,0.2765625,0.06612532490468383,9.351721875,384.95584536403885,19.738834999999998,100,1743937177.05915
machine_3,3,22.223125,7.056288612604717,410.4653125,35.97991766113902,20199.3934375,958.534749541616,0.355625,0.14284907901348193,8.549278125,421.0881839804457,20.1993934375,100,1743937177.059989
machine_1,3,25.120882352941177,5.500285750676991,397.30970588235294,29.34609949884052,20264.66794117647,955.286138838791,0.2973529411764706,0.0887265734957158,8.997273529411766,400.1212131910549,20.264667941176473,100,1743937186.780385
machine_2,3,27.48794117647059,3.2835837482595007,404.28352941176473,20.71468914482624,19607.48676470588,857.4768362082154,0.2923529411764706,0.07689025118078102,9.540423529411765,377.34173843558557,19.607486764705882,100,1743937186.780591
machine_3,3,23.80235294117647,5.325220823271933,397.2579411764706,25.155702403397612,20125.085588235295,1105.951081861993,0.29205882352941176,0.12785054261001297,8.73305,412.227114238439,20.125085588235297,100,1743937186.780807
machine_1,3,24.058235294117647,5.207321469413343,404.52676470588233,32.40422119566489,19902.002352941177,727.6928241247806,0.2926470588235294,0.11652590783697776,8.856914705882353,406.4620829654198,19.902002352941178,100,1743937187.0643468
machine_2,3,26.62764705882353,4.1519117204314515,396.41911764705884,25.23101422125591,19757.64205882353,1056.502541289723,0.27705882352941175,0.06419315575413581,9.289720588235294,387.5251107723432,19.75764205882353,100,1743937187.064595
machine_3,3,22.351470588235294,7.121690617341851,409.96029411764704,35.983777675444905,20177.099411764706,934.6199886457193,0.3547058823529412,0.13865393429257494,8.569897058823528,420.07505752866143,20.177099411764708,100,1743937187.064847
machine_1,3,41.39,0.0,397.69,0.0,19554.39,0.0,0.4,0.0,12.254900000000001,293.7600470016075,19.55439,100,1743952765.978859
machine_2,3,25.53,0.0,396.98,0.0,20306.91,0.0,0.23,0.0,9.075800000000001,396.6592476696269,20.306910000000002,100,1743952765.978912
machine_3,3,19.49,0.0,375.06,0.0,20654.18,0.0,0.32,0.0,7.6486,470.67437178045657,20.65418,100,1743952765.978961
machine_1,3,22.08,0.0,388.79,0.0,20452.65,0.0,0.24,0.0,8.303899999999999,433.5312323125279,20.452650000000002,100,1743952766.242589
machine_2,3,22.06,0.0,384.94,0.0,19786.62,0.0,0.34,0.0,8.2614,435.7614932093834,19.78662,100,1743952766.242646
machine_3,3,25.15,0.0,421.84,0.0,18768.17,0.0,0.38,0.0,9.2484,389.25652004671076,18.768169999999998,100,1743952766.2426932
machine_1,3,34.97,6.42,390.885,6.805000000000007,20810.265,1255.875,0.395,0.0050000000000000044,10.90285,330.1888955640039,20.810265,100,1743952775.985416
machine_2,3,25.965,0.4349999999999987,404.15,7.1699999999999875,20163.125,143.78499999999985,0.27,0.039999999999999994,9.2345,389.84243868103306,20.163125,100,1743952775.985961
machine_3,3,15.594999999999999,3.8949999999999996,401.66499999999996,26.60499999999999,20482.46,171.71999999999935,0.23,0.09,7.135649999999999,504.5090496310778,20.48246,100,1743952775.9864519
machine_1,3,26.715,4.635000000000002,394.355,5.564999999999998,19764.1,688.5500000000011,0.295,0.05499999999999999,9.28655,387.6574185246405,19.7641,100,1743952776.2488031
machine_2,3,26.65,4.59,389.27,4.3300000000000125,20124.68,338.0600000000013,0.355,0.014999999999999986,9.2227,390.34122328602257,20.12468,100,1743952776.2493088
machine_3,3,24.52,0.629999999999999,414.895,6.944999999999993,19179.64,411.47000000000116,0.365,0.015000000000000013,9.05295,397.6604311301841,19.17964,100,1743952776.2497458
machine_1,3,31.065,6.7645010902504845,392.26,5.894628911135975,20544.9025,959.0509823094649,0.35750000000000004,0.04023369234857771,10.1356,355.1837089072181,20.5449025,100,1743952785.9925382
machine_2,3,25.475,1.0008621283673396,409.97,11.3768646823279,19962.7625,231.53109028540882,0.3075,0.05673402858955109,9.194700000000001,391.52990309634896,19.9627625,100,1743952785.9934878
machine_3,3,17.1675,3.171508907444531,388.815,26.115647129642397,20373.5125,364.6357621911895,0.27,0.10319883720275146,7.32165,491.69244637479255,20.3735125,100,1743952785.9940622
machine_1,3,24.4675,4.801137235072542,389.4375,18.18113359364592,20149.4675,630.126810585576,0.315,0.05408326913195984,8.787875,409.6553489893746,20.1494675,100,1743952786.257096
machine_2,3,25.7775,3.4063791259928773,392.12,20.63746956387823,19579.2925,819.8332547346134,0.35250000000000004,0.023848480035423635,9.0767,396.6199169301618,19.5792925,100,1743952786.2576451
machine_3,3,22.27,2.4736612540928067,406.715,9.588191956776827,19916.64,905.5202838699972,0.3375,0.03269174207655506,8.521149999999999,422.478186629739,19.91664,100,1743952786.258218
machine_1,3,28.938333333333333,6.344820503546355,394.34333333333336,6.038028559794081,20290.696666666667,974.0539539414071,0.35000000000000003,0.03464101615137755,9.7311,369.9478990042236,20.290696666666665,100,1743952795.9984078
machine_2,3,25.541666666666668,1.1634348093277753,401.815,16.36023914861883,19762.128333333334,638.4927056335267,0.2783333333333333,0.06202598021976132,9.126483333333335,394.4564262613018,19.762128333333333,100,1743952795.998782
machine_3,3,18.695,3.522029481231903,381.15166666666664,32.651080337750265,20001.593333333334,734.0567022981874,0.27666666666666667,0.08787617550976044,7.550516666666667,476.78856413799497,20.001593333333336,100,1743952795.9991019
machine_1,3,23.358333333333334,6.2196313306247415,404.8616666666667,26.59612027888446,20286.668333333335,689.0918701309399,0.30666666666666664,0.06101001739241042,8.720283333333334,412.83062285820216,20.286668333333335,100,1743952796.261996
machine_2,3,24.976666666666667,3.0774484380552805,394.25333333333333,17.19346161254977,19513.445,676.2774463130249,0.33666666666666667,0.0298142396999972,8.937866666666668,402.7806784616761,19.513445,100,1743952796.26269
machine_3,3,22.628333333333334,3.575828186899116,388.29166666666663,34.57385400205703,19665.593333333334,848.5796617420325,0.33999999999999997,0.08793937305515279,8.408583333333333,428.13395042763847,19.665593333333334,100,1743952796.263403
machine_1,3,30.34375,6.010089303621037,394.8825,6.862540983484183,20066.28375,1034.7082973951829,0.32375,0.061019976237294625,10.017575,359.36841001939086,20.06628375,100,1743952806.0059788
machine_2,3,25.335,1.0787145127419029,399.78625,14.800965287355424,19681.415,583.1333294796306,0.28875,0.07235977819203152,9.0648625,397.13784958128156,19.681415,100,1743952806.006742
machine_3,3,19.965,3.8126073755371146,386.2275,32.20953731039923,20354.572500000002,898.5057340767227,0.28,0.07648529270389176,7.855275000000001,458.2907663958295,20.354572500000003,100,1743952806.007502
machine_1,3,24.66,5.8464882621963765,408.79875,24.56914092795066,20410.05,949.1320709864358,0.30625,0.06479535091347217,9.0199875,399.1136351353037,20.41005,100,1743952806.2707999
machine_2,3,24.8675,2.8725935580934516,391.73,17.25514416051052,19587.565000000002,651.2185986671449,0.34375,0.031199959935871716,8.8908,404.9129437171008,19.587565,100,1743952806.271554
machine_3,3,23.86125,4.2720938586950545,393.6925,31.545619248161856,20146.675,1120.559501923035,0.32375,0.08153795128650217,8.709175,413.3571779186892,20.146675,100,1743952806.272313
machine_1,3,29.202,5.923150850687496,396.01800000000003,18.394557238487693,20146.884,973.6861806578135,0.324,0.08475848040166836,9.80058,367.3251991208684,20.146884,100,1743952816.0128179
machine_2,3,25.476,1.1772017669031936,400.367,17.186719320452063,19732.539,531.7262393271556,0.28,0.07496665925596524,9.098870000000002,395.65352620710036,19.732539000000003,100,1743952816.013654
machine_3,3,20.625,4.063917445027643,396.704,35.62606298764993,20042.03,1047.9396074583688,0.286,0.07445804187594514,8.09204,444.8816367689729,20.04203,100,1743952816.014472
machine_1,3,24.69,6.571966220241854,412.212,23.32197024267033,20570.249,907.5838003121257,0.311,0.058898217290508884,9.060120000000001,397.3457305201255,20.570249,100,1743952816.2788181
machine_2,3,23.991,3.142681816538225,392.438,21.37620957981092,19779.354,724.2997627391571,0.348,0.0354400902933387,8.72258,412.72192401789374,19.779354,100,1743952816.2797089
machine_3,3,23.367,3.9592626838844627,396.975,28.978749886770476,20175.612,1011.5095994383839,0.3,0.12641202474448385,8.64315,416.51481230801267,20.175612,100,1743952816.280579
machine_1,3,28.8675,5.5535320967830915,396.19166666666666,18.374647313319755,20353.544166666667,1003.5849116746289,0.31916666666666665,0.0812873845617442,9.735416666666667,369.78386475497535,20.353544166666666,100,1743952826.0168839
machine_2,3,25.828333333333333,1.4894117033991046,399.2875,16.047684736954015,19566.893333333333,707.3524423903232,0.27666666666666667,0.0693221144769514,9.158541666666666,393.07568071699916,19.566893333333333,100,1743952826.0178308
machine_3,3,20.751666666666665,3.871887638980358,397.7158333333333,35.328659390154556,20007.735833333332,1000.4845559066061,0.295,0.0710046946804693,8.127491666666666,442.9410878099947,20.00773583333333,100,1743952826.0186582
machine_1,3,24.4475,6.140237678624501,409.2966666666667,22.57476811742605,20421.6775,895.5495756715075,0.31416666666666665,0.055596512680403096,8.982466666666667,400.780780335023,20.4216775,100,1743952826.284089
machine_2,3,24.5175,3.110370087840566,399.2291666666667,27.374899226095586,19929.510000000002,741.6591838236749,0.3333333333333333,0.061553951042064625,8.895791666666668,404.6857362329566,19.929510000000004,100,1743952826.28498
machine_3,3,24.165,4.432233259505491,402.1458333333333,28.975411546784898,20184.850833333334,1080.6489856135706,0.3,0.11604596790352806,8.854458333333334,406.5748422404909,20.184850833333336,100,1743952826.2858171
machine_1,3,27.962142857142858,5.662526163385067,400.7207142857143,21.79906107554888,20310.838571428572,948.4496682169364,0.3142857142857143,0.07678488371643821,9.599635714285714,375.0142304507091,20.310838571428572,100,1743952836.02265
machine_2,3,26.57857142857143,2.3321873765166625,400.21,15.1678730027836,19785.242857142857,852.7131836038639,0.27071428571428574,0.09066928017441706,9.317814285714284,386.35670229222984,19.78524285714286,100,1743952836.0235891
machine_3,3,20.979285714285716,3.8002846966392143,392.935,36.424744483857204,20176.27857142857,1098.9184014934033,0.32857142857142857,0.10769382147399853,8.125207142857143,443.0656273378525,20.176278571428572,100,1743952836.024438
machine_1,3,24.445714285714285,5.690145258358919,400.23857142857145,30.6545610349406,20445.994285714285,831.4310782681896,0.3142857142857143,0.058762753717723236,8.891528571428573,404.8797651697361,20.445994285714285,100,1743952836.293155
machine_2,3,24.159285714285716,3.0105088897909273,397.64285714285717,25.680666832845127,19825.024285714288,956.0678607617937,0.3385714285714286,0.06957597521077669,8.808285714285715,408.7060884232378,19.82502428571429,100,1743952836.294154
machine_3,3,23.482857142857142,4.485437434586713,407.20142857142855,29.57779738180623,20246.553571428572,1117.51269430698,0.27714285714285714,0.12115094312636679,8.768585714285713,410.5565158740374,20.246553571428574,100,1743952836.295109
machine_1,3,26.50375,6.6584400153113945,397.084375,22.859084345383895,20241.765625,929.9386346687667,0.318125,0.07256193475232038,9.271593750000001,388.2827588298937,20.241765625,100,1743952846.030868
machine_2,3,26.385,2.377879832960446,398.193125,16.480873656586756,19694.141875,931.1168368229812,0.278125,0.09268351727788496,9.258931250000002,388.81377372793423,19.694141875000003,100,1743952846.031807
machine_3,3,20.703125,3.779981347093528,395.71625,37.23466863606416,20228.403125,1042.2754273566486,0.330625,0.11014018056549571,8.097787499999999,444.5658767904197,20.228403125,100,1743952846.0326662
machine_1,3,24.191875,5.75547154752545,403.1675,29.812240879377057,20414.6775,782.8420142380264,0.335,0.07762087348130012,8.870049999999999,405.8601698975767,20.414677500000003,100,1743952846.3026319
machine_2,3,24.12875,3.8943932053016934,396.77625,24.484411845856126,19781.0675,903.8720229967569,0.33375,0.06632071697441154,8.7935125,409.39271991709796,19.781067500000002,100,1743952846.303641
machine_3,3,24.88764705882353,5.134786242657572,408.9511764705882,30.398870505788228,20191.65588235294,1127.8165347465656,0.28294117647058825,0.11944798059910494,9.067041176470589,397.0424232044048,20.19165588235294,100,1743952846.304651
machine_1,3,25.88388888888889,6.554460854926623,396.90166666666664,23.013066397157946,20313.365555555556,1037.3919171879613,0.31666666666666665,0.0695221787153807,9.145794444444444,393.6235416035178,20.313365555555556,100,1743952856.0357661
machine_2,3,26.327222222222222,2.5395074009551877,396.8077777777778,16.056867881776935,19852.933333333334,987.1945193324365,0.2861111111111111,0.09322248708742667,9.233522222222224,389.8837207903087,19.852933333333336,100,1743952856.036814
machine_3,3,21.372222222222224,4.4664782989578855,398.72222222222223,36.1579076268334,20180.74777777778,1154.8388007931167,0.3161111111111111,0.11480122380730233,8.261666666666667,435.747427879766,20.18074777777778,100,1743952856.037769
machine_1,3,24.540555555555557,5.5197236970122,403.3811111111111,28.165295999961238,20403.723333333335,756.6822240838255,0.33,0.07637626158259733,8.941922222222223,402.597999684383,20.403723333333335,100,1743952856.3067589
machine_2,3,23.67388888888889,4.14215877544399,395.12611111111113,23.568741101271517,19825.969444444447,879.8213221474272,0.3372222222222222,0.07577785923749288,8.68603888888889,414.45819504735243,19.825969444444446,100,1743952856.3077672
machine_3,3,24.977777777777778,5.003933514474783,409.11555555555555,29.550165297943806,20292.832777777778,1172.7446948685313,0.2833333333333333,0.11609383178178666,9.08671111111111,396.1829484815433,20.29283277777778,100,1743952856.3087559
machine_1,3,25.770500000000002,6.2397383558928174,393.232,29.477374476028224,20255.6815,1089.5635396583123,0.3285,0.07624139295684464,9.08642,396.1956414077271,20.255681499999998,100,1743952866.0406709
machine_2,3,26.293,2.5191329857710967,396.8585,16.78735127260999,19890.9855,971.7001491276774,0.28300000000000003,0.08928045698807774,9.227185,390.15149257330376,19.8909855,100,1743952866.0417569
machine_3,3,22.083000000000002,4.7672141760151705,398.368,34.5996087550134,20257.0785,1180.9682765395307,0.318,0.10998181667894015,8.40028,428.5571433333174,20.2570785,100,1743952866.042798
machine_1,3,24.264,5.409395899728546,403.673,26.88872070218292,20339.976,788.1077008531261,0.325,0.07638717169787083,8.88953,404.9707914816644,20.339976,100,1743952866.315603
machine_2,3,23.695999999999998,3.9339336547532167,394.873,22.53437842497547,19835.894500000002,839.0343493592798,0.338,0.07208328516376039,8.68793,414.3679794841809,19.835894500000002,100,1743952866.316108
machine_3,3,24.6865,4.827475815578986,407.24,29.572421442959314,20255.733,1240.575096731754,0.2845,0.11209259565198765,9.0097,399.56935303062255,20.255733,100,1743952866.316609
machine_1,3,25.918636363636363,5.969453527185142,393.82,30.912494531852627,20286.461363636365,1079.7227394537892,0.32136363636363635,0.07617536314592287,9.121927272727273,394.65344245434574,20.286461363636366,100,1743952876.0468092
machine_2,3,26.090454545454545,2.6171505623704,395.4109090909091,18.552267175614205,19920.68,1042.3239024803272,0.27954545454545454,0.08688954706079294,9.1722,392.4903512788644,19.92068,100,1743952876.047937
machine_3,3,22.19818181818182,4.936280930162667,398.52681818181816,33.26352771790252,20265.383636363636,1127.9648214958793,0.32045454545454544,0.10602217918595543,8.424904545454545,427.30454458885157,20.265383636363637,100,1743952876.049043
machine_1,3,24.746363636363636,5.412865604242062,402.52363636363634,27.648721085901077,20324.195454545454,792.4503117587952,0.31772727272727275,0.0796544707517651,8.974509090909091,401.13614722912166,20.324195454545453,100,1743952876.3238149
machine_2,3,23.95,3.8873126964523963,395.8322727272727,21.769007563259656,19901.62818181818,902.1322537826014,0.3286363636363636,0.07497244672941547,8.748322727272727,411.507452597407,19.901628181818182,100,1743952876.32509
machine_3,3,24.475,4.708509463050527,404.0831818181818,33.20427195768143,20187.460909090907,1202.3862645132317,0.3018181818181818,0.12998728482000088,8.935831818181818,402.87239881518894,20.18746090909091,100,1743952876.3262
machine_1,3,25.729166666666668,5.750007185985848,392.0525,31.883884415432618,20332.385833333334,1054.2406323705097,0.3145833333333333,0.07767341708861676,9.066358333333334,397.0723269081761,20.332385833333333,100,1743952886.0525172
machine_2,3,26.13375,2.656941870678895,394.25708333333336,18.209925974398026,19916.77625,1000.7817836813568,0.28041666666666665,0.08565819510641634,9.169320833333334,392.6135932459556,19.916776249999998,100,1743952886.053677
machine_3,3,22.219166666666666,4.730836709528477,398.4925,32.26523687216114,20205.12041666667,1105.277479136948,0.3441666666666667,0.13598151426654367,8.428758333333333,427.1091728615623,20.20512041666667,100,1743952886.054817
machine_1,3,24.52875,5.447103444721791,401.69708333333335,26.6690383027408,20295.824583333335,764.9937389557468,0.30041666666666667,0.09615435363113946,8.922720833333333,403.4643767572765,20.295824583333335,100,1743952886.3335838
machine_2,3,24.18125,3.8014046882917722,395.9675,20.853646014146623,19942.28875,875.2571739652319,0.31625,0.08449913707646171,8.795925,409.28043383725986,19.94228875,100,1743952886.3348439
machine_3,3,23.637999999999998,5.161434684271419,400.6448,34.252564414361736,20221.0284,1205.8217229580168,0.3116,0.12597396556431809,8.734048,412.18001091819053,20.221028399999998,100,1743952886.336041
machine_1,3,26.061153846153847,5.66150043099685,389.32653846153846,32.16736568233135,20221.508076923077,1092.1182571463844,0.31346153846153846,0.07878609344744832,9.105496153846154,395.36560547327923,20.221508076923076,100,1743952896.062486
machine_2,3,26.08923076923077,2.571041278244647,392.2042307692308,18.921442084633256,19928.785384615385,962.4638087590652,0.28423076923076923,0.08353594698014635,9.139888461538462,393.87789196215573,19.928785384615384,100,1743952896.063596
machine_3,3,22.751538461538463,5.4102194554577006,399.8311538461538,31.344573119652697,20196.35423076923,1076.8689022923859,0.3526923076923077,0.13412272486586227,8.548619230769232,421.1206398154267,20.19635423076923,100,1743952896.064704
machine_1,3,24.849615384615383,5.350788209923434,399.2773076923077,26.990688359804665,20309.214615384615,736.5302989863026,0.3030769230769231,0.09285096539696251,8.962696153846155,401.6648493048752,20.309214615384615,100,1743952896.339515
machine_2,3,24.195384615384615,3.691815512068273,396.51384615384615,20.99826331224031,19860.651538461538,889.1014762093431,0.3192307692307692,0.08324768774442266,8.804215384615386,408.8950397886327,19.86065153846154,100,1743952896.340277
machine_3,3,23.978846153846153,5.3404287691036405,402.38153846153847,34.69178773275708,20223.64692307692,1182.477964015753,0.31038461538461537,0.12367702259174806,8.819584615384615,408.18248897122317,20.223646923076924,100,1743952896.340982
machine_1,3,25.930714285714288,5.489394273487369,389.36357142857145,32.231855384551054,20163.171785714287,1100.0957981988063,0.31464285714285717,0.07975328667016725,9.079778571428573,396.4854397802337,20.163171785714287,100,1743952906.0705652
machine_2,3,25.90142857142857,2.660027811731237,391.9,18.518261064612496,19801.445714285714,1036.8236134788535,0.2864285714285714,0.0814254385362236,9.099285714285715,395.63545019232276,19.801445714285713,100,1743952906.071745
machine_3,3,23.007857142857144,5.440429576751439,400.0496428571429,32.028798702121506,20308.329285714284,1157.9549108200831,0.3432142857142857,0.13435171250513045,8.602067857142858,418.5040224962519,20.308329285714283,100,1743952906.072924
machine_1,3,24.84285714285714,5.164964982001923,398.63107142857143,26.634843363438396,20274.492857142857,721.2299036806957,0.2953571428571429,0.09447154306445721,8.954882142857144,402.01534119257366,20.274492857142857,100,1743952906.348447
machine_2,3,24.07107142857143,3.632033412454196,396.6221428571429,20.603378425661663,19945.685714285715,909.9772251640953,0.31607142857142856,0.08191194251469447,8.780435714285716,410.0024323556998,19.945685714285716,100,1743952906.349725
machine_3,3,24.064642857142857,5.157550278227928,401.3757142857143,34.59047189499396,20257.170714285716,1224.9410917466562,0.3175,0.12295832627357937,8.826685714285714,407.85410476024003,20.257170714285717,100,1743952906.351004
machine_1,3,24.76,0.0,426.63,0.0,20518.86,0.0,0.24,0.0,9.218300000000001,390.52753761539543,20.51886,100,1743953023.953645
machine_2,3,27.0,0.0,375.38,0.0,18693.54,0.0,0.27,0.0,9.1538,393.27929384517904,18.693540000000002,100,1743953023.953701
machine_3,3,22.22,0.0,427.4,0.0,21515.22,0.0,0.18,0.0,8.718,412.9387474191328,21.515220000000003,100,1743953023.9537501
machine_1,3,35.02,0.0,378.64,0.0,19221.81,0.0,0.29,0.0,10.790400000000002,333.62989323843414,19.22181,100,1743953024.2208588
machine_2,3,33.96,0.0,446.5,0.0,21009.0,0.0,0.24,0.0,11.257000000000001,319.8010127032069,21.009,100,1743953024.220911
machine_3,3,20.55,0.0,381.16,0.0,19044.85,0.0,0.36,0.0,7.921600000000001,454.4536457281357,19.04485,100,1743953024.22097
machine_1,3,21.05,4.399143856100488,418.91,18.189031493366176,19638.413333333334,838.0845682202303,0.34,0.08164965809277261,8.3991,428.6173518591277,19.638413333333336,100,1743953033.962038
machine_2,3,24.055,2.9450000000000003,409.3,33.920000000000016,19418.845,725.3050000000003,0.28,0.009999999999999981,8.904,404.3126684636119,19.418845,100,1743953033.962683
machine_3,3,26.479999999999997,4.26,409.4,18.0,20425.545,1089.675000000001,0.225,0.04500000000000001,9.389999999999999,383.3865814696486,20.425545,100,1743953033.9631739
machine_1,3,24.470000000000002,10.55,386.15999999999997,7.52000000000001,19790.265,568.4549999999999,0.31999999999999995,0.03,8.755600000000001,411.1654255562154,19.790265,100,1743953034.227595
machine_2,3,30.4,3.5600000000000005,428.825,17.67500000000001,20669.64,339.3600000000006,0.235,0.0049999999999999906,10.36825,347.2138499746823,20.66964,100,1743953034.2282019
machine_3,3,22.205,1.6549999999999994,404.63,23.47,18992.285,52.56499999999869,0.295,0.06499999999999999,8.487300000000001,424.1631614294298,18.992285,100,1743953034.2285461
machine_1,3,20.612000000000002,4.260992372675643,411.678,22.79067826985411,19477.66,678.3759263122479,0.298,0.08447484832777151,8.239180000000001,436.93668544685266,19.47766,100,1743953043.9726489
machine_2,3,26.018,2.904413193744995,393.636,28.32111410237953,19431.298,787.400343596572,0.276,0.05122499389946278,9.139960000000002,393.8748090801272,19.431297999999998,100,1743953043.973292
machine_3,3,21.5675,5.882964282570479,406.44,14.702790551456548,20098.9575,1181.5746554571786,0.2375,0.05448623679425842,8.3779,429.7019539502739,20.0989575,100,1743953043.974004
machine_1,3,24.392500000000002,7.739888161336701,397.015,21.584676856510978,20407.4625,937.9080944947375,0.355,0.08789197915623473,8.848650000000001,406.84172161855196,20.4074625,100,1743953044.2305129
machine_2,3,27.88,3.582317685521484,402.4525,30.572189466081756,20338.675,451.7428995291457,0.2425,0.008291561975888496,9.600525000000001,374.9794933089596,20.338675,100,1743953044.231176
machine_3,3,24.785,4.577611276637632,392.815,20.46653060486804,20075.315,1131.338288941464,0.315,0.08381527307120104,8.885150000000001,405.17042480993564,20.075315,100,1743953044.231882
machine_1,3,22.051428571428573,5.24060636778234,403.2314285714286,23.901300280571366,19546.62,763.296636664185,0.33285714285714285,0.09160696881075084,8.4426,426.4089261601876,19.54662,100,1743953053.979042
machine_2,3,24.938333333333333,3.5858165814156697,395.46,26.173258617655293,19393.555,723.7325158452303,0.25166666666666665,0.07174414416676961,8.942266666666667,402.58249213473096,19.393555,100,1743953053.979774
machine_3,3,22.018333333333334,5.715491861793018,409.01666666666665,29.57072745507324,20313.74,1011.4669837913643,0.33166666666666667,0.17131030973710315,8.493833333333335,423.8369012813217,20.313740000000003,100,1743953053.9804642
machine_1,3,25.173333333333332,6.922546898039447,397.0416666666667,23.753828054067892,20395.836666666666,770.3880376508679,0.30833333333333335,0.09788031240017347,9.005083333333333,399.77420160835084,20.395836666666668,100,1743953054.236039
machine_2,3,28.401666666666667,3.1489702902518615,400.71166666666664,27.195223487876614,20409.08,423.0923060436496,0.2783333333333333,0.05398044913567216,9.68745,371.61482123778705,20.409080000000003,100,1743953054.2364511
machine_3,3,24.150000000000002,9.782037960806873,393.695,21.021769470400596,19789.808333333334,1042.0768171527573,0.31,0.08286535263104035,8.766950000000001,410.6331164201917,19.789808333333333,100,1743953054.23681
machine_1,3,24.11,0.0,424.43,0.0,21643.76,0.0,0.28,0.0,9.0663,397.07488170477484,21.64376,100,1743954019.768854
machine_2,3,19.4,0.0,368.84,0.0,18715.25,0.0,0.37,0.0,7.5684,475.66196289836694,18.71525,100,1743954019.7689102
machine_3,3,26.9,0.0,386.53,0.0,19087.33,0.0,0.46,0.0,9.2453,389.38703990135525,19.08733,100,1743954019.768957
machine_1,3,20.41,0.0,390.23,0.0,20568.33,0.0,0.31,0.0,7.9843,450.8848615407738,20.568330000000003,100,1743954345.37116
machine_2,3,25.07,0.0,403.06,0.0,20078.68,0.0,0.33,0.0,9.044599999999999,398.0275523516795,20.078680000000002,100,1743954345.3712142
machine_3,3,21.99,0.0,416.79,0.0,21562.73,0.0,0.45,0.0,8.5659,420.27107484327394,21.56273,100,1743954345.371265
machine_1,3,37.73,0.0,406.94,0.0,21954.79,0.0,0.22,0.0,11.6154,309.9333643266698,21.954790000000003,100,1743954345.638112
machine_2,3,26.54,0.0,384.78,0.0,21353.39,0.0,0.37,0.0,9.1558,393.19338561349093,21.35339,100,1743954345.638164
machine_3,3,26.55,0.0,433.05,0.0,19088.28,0.0,0.32,0.0,9.6405,373.4246149058659,19.088279999999997,100,1743954345.6382132
machine_1,3,25.14666666666667,5.127509683614022,397.88,5.409380740898164,20839.576666666668,551.3599402890596,0.31,0.07348469228349536,9.008133333333333,399.6388448957239,20.83957666666667,100,1743954355.379309
machine_2,3,22.626666666666665,2.7149749333813173,395.93333333333334,17.785464727005454,19828.59,705.6440769963287,0.31666666666666665,0.009428090415820642,8.484666666666666,424.2948063172783,19.828590000000002,100,1743954355.3798668
machine_3,3,25.933333333333334,2.7884324549028543,393.4633333333333,22.593334316907633,21056.816666666666,557.2639002204331,0.2866666666666667,0.12119772641798562,9.121300000000002,394.68058281166054,21.056816666666666,100,1743954355.380376
machine_1,3,29.36,6.005147791686728,406.98333333333335,12.561837268312123,20228.653333333332,1257.956463219438,0.2833333333333333,0.10402991022884822,9.941833333333333,362.1062513620895,20.228653333333334,100,1743954355.644604
machine_2,3,25.426666666666666,1.2632585729858399,390.21999999999997,5.381901770440152,20451.25,714.0651579979709,0.30666666666666664,0.057927157323275885,8.987533333333333,400.55484263387063,20.45125,100,1743954355.644864
machine_3,3,22.515,4.035,379.70500000000004,53.345,19146.42,58.14000000000124,0.36,0.04000000000000001,8.30005,433.73232691369327,19.14642,100,1743954355.6450508
machine_1,3,20.902,6.54436368182576,413.53000000000003,20.37260022677517,20449.962,741.8557574191893,0.3,0.1033440854621105,8.3157,432.9160503625672,20.449962,100,1743954365.388237
machine_2,3,22.796,2.1228810611996143,390.0,27.832080051623876,19745.136,767.5218923939561,0.332,0.025612496949731396,8.4592,425.5721581236997,19.745136,100,1743954365.388865
machine_3,3,25.176,2.376245778533862,386.918,29.974737630211223,20762.541999999998,862.7416358423885,0.288,0.09389355675444402,8.90438,404.29541416696054,20.762542,100,1743954365.389438
machine_1,3,28.634999999999998,5.350067756580283,405.34749999999997,11.241782276400832,19991.055,1164.5598960658922,0.2525,0.10473180032826705,9.780475,368.08028239937227,19.991055,100,1743954365.6492958
machine_2,3,27.3875,3.568118376679789,385.28,9.743431120503711,20221.1675,735.6838028791653,0.325,0.05937171043518958,9.3303,385.83968361145946,20.2211675,100,1743954365.649538
machine_3,3,23.2325,3.0739581568394847,416.9575,56.42019380283977,19847.989999999998,710.9876754909326,0.4225,0.10638961415476605,8.816075000000001,408.3449834535209,19.84799,100,1743954365.649892
machine_1,3,22.90714285714286,6.633612922696295,409.0842857142857,19.857102261006805,20372.62142857143,644.8299723942416,0.2842857142857143,0.10675166681296802,8.67227142857143,415.11615839646555,20.37262142857143,100,1743954375.397553
machine_2,3,22.3,2.4973814858195547,388.06,26.769904743947073,19869.427142857145,691.9691746997794,0.3142857142857143,0.055512454936358424,8.3406,431.6236241996979,19.869427142857145,100,1743954375.398226
machine_3,3,25.017142857142858,2.1091143319664116,390.28,26.92503932879474,20493.637142857144,1407.1629551255069,0.3214285714285714,0.09977525765848128,8.90622857142857,404.21149885473415,20.493637142857143,100,1743954375.3988469
machine_1,3,25.953333333333333,6.038610951387928,395.03999999999996,18.493798059529762,20003.678333333333,954.4821442963492,0.27666666666666667,0.09944289260117532,9.141066666666667,393.8271244785437,20.003678333333333,100,1743954375.6556711
machine_2,3,28.013333333333332,4.095850203424058,387.5383333333333,8.627640497584247,19847.271666666667,800.4081397099162,0.31333333333333335,0.05153208277913435,9.47805,379.82496399575865,19.847271666666668,100,1743954375.655981
machine_3,3,22.165,3.802445485035475,407.145,53.22072145007681,19851.228333333333,680.0843454654882,0.4,0.1369914839202301,8.504449999999999,423.3077976823899,19.85122833333333,100,1743954375.656281
machine_1,3,24.332222222222224,6.641011933897789,415.16333333333336,29.46196153988694,20349.35,670.579845904522,0.2577777777777778,0.1154486685143159,9.01807777777778,399.19815383174773,20.349349999999998,100,1743954385.4078531
machine_2,3,22.22888888888889,2.228988033687258,388.87,28.163266461434787,19970.263333333332,829.3979801036409,0.31333333333333335,0.049888765156985884,8.334477777777778,431.9406801465932,19.97026333333333,100,1743954385.408602
machine_3,3,24.82375,2.0381666854062748,383.03,31.658735366404024,20399.6975,1339.5397455819475,0.33875,0.10397565820902507,8.79505,409.32115223904356,20.3996975,100,1743954385.4092932
machine_1,3,26.64,5.365514886755975,389.9225,18.305667667419293,19835.7525,893.8123738479744,0.295,0.0982344135219425,9.227225,390.14980126744496,19.835752499999998,100,1743954385.662314
machine_2,3,27.39875,4.6322171729637205,383.00625,11.188157732062054,19981.59375,737.25731859605,0.295,0.065,9.3098125,386.6887759554771,19.981593750000002,100,1743954385.662661
machine_3,3,23.61375,4.208396183524075,402.105,47.001159028262265,19752.05375,690.8051693845642,0.3975,0.11882234638316144,8.7438,411.72030467302545,19.752053749999998,100,1743954385.6629481
machine_1,3,23.803,6.497185621482583,415.236,27.95092098661508,20412.888,664.110904710952,0.266,0.1122675376054895,8.91296,403.9062219509568,20.412888,100,1743954395.415521
machine_2,3,23.419090909090908,3.2420180430922243,383.79545454545456,27.994262517242664,19981.1,766.1623176704668,0.29,0.06782329983125268,8.521772727272728,422.4473140991791,19.981099999999998,100,1743954395.415949
machine_3,3,25.58,2.5083380952335754,380.465,33.065809607508484,20341.73,1255.5605924048423,0.321,0.10044401425669924,8.920649999999998,403.5580366901516,20.34173,100,1743954395.4163358
machine_1,3,26.634999999999998,5.623584710840586,392.943,21.384814729148353,19609.143,963.1092723471211,0.28300000000000003,0.09176600677810928,9.25643,388.91883804015157,19.609143,100,1743954395.6689222
machine_2,3,26.482,4.771318056889522,385.434,13.496799027917692,19634.194,991.8685452538557,0.272,0.07533923280734946,9.15074,393.41080612059784,19.634194,100,1743954395.669305
machine_3,3,24.343,4.73645658694345,403.127,42.342282661661024,19999.33,791.4570020790768,0.397,0.10649413129370087,8.89987,404.5002904536808,19.99933,100,1743954395.6696892
machine_1,3,24.106666666666666,6.370263381961186,407.40583333333336,31.84527030772736,20421.478333333333,612.56522870131,0.2633333333333333,0.10265909062956328,8.895391666666667,404.7039337784452,20.421478333333333,100,1743954405.423938
machine_2,3,23.87923076923077,3.2391937779887368,393.95846153846156,35.1183931308748,20055.59153846154,727.203751194587,0.28615384615384615,0.06331101028785309,8.71543076923077,413.0604780557208,20.05559153846154,100,1743954405.4242802
machine_3,3,25.62,3.446646084350587,380.68461538461537,29.54400514887389,20237.598461538462,1135.7265953215629,0.3169230769230769,0.08895847046490639,8.930846153846154,403.097303210136,20.23759846153846,100,1743954405.424602
machine_1,3,26.680833333333332,6.531955371266878,400.59916666666663,26.330471086535635,19590.9,955.9394281630335,0.2808333333333333,0.08548472898061318,9.342158333333334,385.34992359902554,19.5909,100,1743954405.675819
machine_2,3,26.398333333333333,4.5980753823988385,387.825,13.521546077772813,19648.12,916.653132115233,0.2658333333333333,0.07041050268879558,9.157916666666667,393.10250693844125,19.64812,100,1743954405.6761432
machine_3,3,24.973333333333333,4.805686446515442,400.805,39.74863320501306,19952.695833333335,744.779679541298,0.39416666666666667,0.09878076173470667,9.002716666666668,399.8792956940775,19.952695833333337,100,1743954405.676451
machine_1,3,24.05857142857143,5.919955184606984,405.48357142857145,29.86136864319681,20287.612142857142,868.5469334401365,0.2671428571428571,0.09617161531261048,8.86655,406.0203799674056,20.287612142857142,100,1743954415.4292212
machine_2,3,24.004,3.037006859832007,398.512,34.811984181696204,20114.341333333334,833.7760999602284,0.278,0.06273754856543248,8.78592,409.74650349650346,20.114341333333336,100,1743954415.43011
machine_3,3,26.650666666666666,4.168890286661694,373.63733333333334,32.85391533575396,20176.932666666668,1078.6625680503091,0.312,0.0850254863751648,9.066506666666667,397.0658305734807,20.17693266666667,100,1743954415.430924
machine_1,3,26.285,6.346420532192029,397.1121428571428,30.33031938472775,19633.29142857143,897.9294505683395,0.28500000000000003,0.08015609770940699,9.228121428571429,390.1119017413388,19.63329142857143,100,1743954415.6800482
machine_2,3,25.892142857142858,4.943706213201689,392.3342857142857,16.89491246934824,19736.568571428572,896.0444911774123,0.26785714285714285,0.06581126384578549,9.10177142857143,395.5274012594094,19.736568571428574,100,1743954415.680516
machine_3,3,25.247857142857143,4.501619039811325,401.3178571428571,37.91474876587726,19810.91285714286,860.6184428108206,0.3871428571428571,0.09307666359578243,9.062750000000001,397.23042122975914,19.81091285714286,100,1743954415.681014
machine_1,3,24.05125,5.731453649598852,410.648125,31.41676427855636,20178.74,872.4379727092349,0.28125,0.10361436917725263,8.91673125,403.7353935053274,20.17874,100,1743954425.4392152
machine_2,3,23.911875,2.9621365151483143,396.29,34.78780479564642,19987.750625,944.5166937941644,0.279375,0.060978351691399466,8.745275,411.6508628945345,19.987750625,100,1743954425.44014
machine_3,3,26.484375,4.087567994465046,372.238125,32.26895222554298,20107.369375,1078.6005518464,0.325,0.09650129532809391,9.01925625,399.14599388391923,20.107369374999998,100,1743954425.441026
machine_1,3,26.661875,6.2768843970854675,393.828125,29.958515738173265,19644.94125,917.8634627824218,0.29375,0.07865073108369686,9.27065625,388.32202412855077,19.64494125,100,1743954425.688977
machine_2,3,26.209375,4.706108356102206,392.490625,15.870253018127181,19758.41375,856.4940184837471,0.265,0.06324555320336758,9.16678125,392.7223636977265,19.75841375,100,1743954425.6895459
machine_3,3,24.641875,4.637159985850714,403.198125,35.87807481923152,19865.0875,969.3174837965885,0.385,0.09287087810503354,8.96035625,401.7697399029196,19.8650875,100,1743954425.689916
machine_1,3,23.950526315789475,5.781300594597807,414.11,33.64100208157646,20210.891052631578,878.0578392943486,0.2905263157894737,0.10811658834748845,8.931205263157896,403.0810953198395,20.210891052631577,100,1743954435.449781
machine_2,3,24.49684210526316,3.3760394931457447,392.95,33.48824774218719,20038.137894736843,917.1330467769138,0.2736842105263158,0.05796646274635101,8.828868421052633,407.7532735017004,20.038137894736842,100,1743954435.450737
machine_3,3,26.299444444444443,4.207934927969382,381.38444444444445,40.085915955915134,20171.825,1057.4091522167123,0.3333333333333333,0.10088497300281038,9.073733333333333,396.74959222958574,20.171825000000002,100,1743954435.451704
machine_1,3,26.814444444444444,5.9734079443091606,395.6122222222222,29.41025549693613,19766.97388888889,983.4844473048026,0.28833333333333333,0.08808140174482541,9.319011111111111,386.30708313113814,19.76697388888889,100,1743954435.696958
machine_2,3,26.52888888888889,4.531976376432606,393.5733333333333,22.105919267623015,19707.232777777775,828.5053428568121,0.2611111111111111,0.061453585817888144,9.241511111111112,389.5466830821318,19.707232777777776,100,1743954435.697997
machine_3,3,24.250555555555554,4.684388341694405,404.80444444444447,34.32508011194377,19743.478333333333,976.9415547982727,0.37444444444444447,0.09256962678151584,8.898155555555556,404.5782271981459,19.743478333333332,100,1743954435.698999
machine_1,3,23.993809523809524,5.510726748537997,411.0057142857143,35.261496007405476,20082.180952380953,925.9312709293315,0.3080952380952381,0.1163172610381602,8.908819047619048,404.09396360588653,20.082180952380956,100,1743954445.4602299
machine_2,3,24.847142857142856,3.4507916867446693,393.68285714285713,33.70449159595048,20043.088571428572,880.74667926755,0.26857142857142857,0.06026020674547012,8.906257142857143,404.2102021371812,20.043088571428573,100,1743954445.461201
machine_3,3,26.4745,4.0268417835817685,386.19100000000003,42.91093880352655,20152.98,1005.2067862385328,0.3235,0.10887033572098509,9.15681,393.1500162174382,20.15298,100,1743954445.462181
machine_1,3,26.967,5.930806100354318,396.4145,28.187075491260178,19821.8315,953.2641809292695,0.278,0.08925245094673871,9.357545,384.7162904372888,19.821831500000002,100,1743954445.707005
machine_2,3,26.3285,4.345590034736365,394.8065,21.486553998954786,19789.865999999998,824.1565133419743,0.266,0.06044832503882965,9.213765,390.71975462799406,19.789866,100,1743954445.7080839
machine_3,3,24.9505,5.2652193449086235,400.819,34.69317179215529,19845.611,1182.8479375257837,0.371,0.08865100112237875,8.99829,400.0760144427441,19.845611,100,1743954445.7091
machine_1,3,24.285217391304347,5.355340990698358,410.63695652173914,33.74276043896806,20184.455652173914,998.3308091610852,0.3034782608695652,0.11634314671814483,8.963413043478262,401.63272433588713,20.184455652173913,100,1743954455.467788
machine_2,3,24.79869565217391,3.3290373387849788,390.745652173913,33.58343313445498,20086.175217391305,874.0005170671517,0.26608695652173914,0.059325127049445855,8.867195652173914,405.9908161739288,20.086175217391304,100,1743954455.4688692
machine_3,3,26.30590909090909,3.8899341652420487,390.4190909090909,43.32017994056171,20250.054090909092,1006.9100624668026,0.33090909090909093,0.10727657928369043,9.165372727272727,392.7827167669618,20.250054090909092,100,1743954455.469878
machine_1,3,26.90772727272727,5.754102830169555,396.81545454545454,27.32871844902567,19840.28818181818,916.9840458542561,0.2877272727272727,0.09149922096945158,9.3497,385.0390921633849,19.84028818181818,100,1743954455.716502
machine_2,3,25.428636363636365,5.0506896877866145,394.2713636363636,20.56025121341365,19731.278636363637,808.2868326635239,0.27590909090909094,0.06644608825678228,9.028440909090909,398.7399415080727,19.731278636363637,100,1743954455.7169049
machine_3,3,25.458636363636362,5.271305078574466,405.21409090909094,36.21550592809797,19883.90090909091,1179.9666191885149,0.36454545454545456,0.08716375772737786,9.143868181818181,393.7064629997947,19.88390090909091,100,1743954455.7173052
machine_1,3,24.53,5.372412555516067,411.09125,33.10407984832333,20181.278333333332,977.4297489660773,0.29875,0.11612896925401517,9.0169125,399.2497431909204,20.18127833333333,100,1743954465.477443
machine_2,3,24.9,3.29495953439998,391.0925,32.91838901612086,20055.515,868.1415926612049,0.26916666666666667,0.05992472129448932,8.890925,404.9072509328332,20.055515,100,1743954465.4780622
machine_3,3,25.62708333333333,4.405848839106439,396.44625,46.04182906268495,20224.87125,972.4554113441931,0.34541666666666665,0.11740170238212998,9.089879166666666,396.0448685832366,20.22487125,100,1743954465.4786382
machine_1,3,26.794583333333332,5.527607966054474,398.07,27.3309388178794,19886.415,895.9852288077451,0.2941666666666667,0.09110052445269212,9.339616666666666,385.45479204178616,19.886415000000003,100,1743954465.723745
machine_2,3,25.67125,4.9095038042725525,393.05083333333334,21.104032181210194,19718.364166666666,776.4171227016478,0.2775,0.06398241946034863,9.064758333333334,397.1424132469058,19.718364166666667,100,1743954465.7242298
machine_3,3,25.2775,5.242703063941984,406.6125,35.19116712685159,19891.259166666667,1172.8600349143567,0.35375,0.09272776013686516,9.121625000000002,394.66652049388125,19.891259166666668,100,1743954465.724651
